{"owner":{"name":"seray","surname":"uzgur"},"posts":[{"author":{"name":"seray","surname":"uzgur"},"body":"Lorem ipsum dolor sit amet, consectetur adipiscing elit. Integer nec odio. Praesent libero.","id":1,"tags":[{"id":1,"name":"tech"},{"id":2,"name":"web"}],"title":"Rust Rocks!"},{"author":{"name":"kamil","surname":"bukum"},"body":"Lorem ipsum dolor sit amet, consectetur adipiscing elit. Integer nec odio. Praesent libero.","id":2,"tags":[{"id":1,"name":"tech"},{"id":2,"name":"web"}],"title":"TypeScript is Awesome"},{"author":{"name":"hasan","surname":"mumin"},"body":"Lorem ipsum dolor sit amet, consectetur adipiscing elit. Integer nec odio. Praesent libero.","id":3,"tags":[{"id":1,"name":"tech"},{"id":2,"name":"web"}],"title":"KendoUI Rocks!"},{"author":{"name":"","surname":"l"},"body":"","id":-90903159,"tags":[],"title":"!7c9]~:<"},{"author":{"name":"{hx","surname":"C@Z~e"},"body":"","id":37665023,"tags":[],"title":""},{"author":{"name":"J>P-;vo)M","surname":"@"},"body":"","id":-94101923,"tags":[],"title":"&6k9w'J|\\Y"},{"author":{"name":"adipisicing","surname":"Ut"},"body":"enim cillum","id":69865168,"tags":[{"id":-98081671,"name":"enim ullamco anim aute"},{"id":-60735172,"name":"ex ut"}],"title":"exe"},{"id":8862404632064352522},{"author":{"name":"2@d!>","surname":"'\\Q:IN"},"body":"rpWMm/","id":36149293,"tags":[],"title":"Dx\\2X5i~"},{"body":"amet eu mollit","id":2880536345046294093},{"author":{"surname":"ut sint aliqua"},"body":"ea","id":7491882747310857234,"tags":[],"title":"consequat"},{"author":{"name":"culpa Duis","surname":"ex dolor adipisicing cillum"},"body":"eu quis Excepteur esse minim","id":-91268880,"tags":[{"id":86642752,"name":"incididunt et"},{"id":94024457,"name":"ullamco"}],"title":"cupidatat aliquip laboris"},{"author":{"name":"magna","surname":"dolor do cupidatat"},"body":"quis mollit aute irure dolor","id":-65928598,"tags":[{"id":18870577,"name":"quis est eiusmod laborum"},{"id":39995929,"name":"proident s"}],"title":"consectetur ullamco"}],"version":"10.1.1"}